{
  "project_info": {
    "project_number": "612440434434",
    "project_id": "indus-solution",
    "storage_bucket": "indus-solution.appspot.com"
  },
  "client": [
    {
      "client_info": {
        "mobilesdk_app_id": "1:612440434434:android:64607511f9f0835381841b",
        "android_client_info": {
          "package_name": "com.example.indus"
        }
      },
      "oauth_client": [],
      "api_key": [
        {
          "current_key": "AIzaSyBp_xT7cWv-EFt2Z5cr9_eKsFBRM3wxGiw"
        }
      ],
      "services": {
        "appinvite_service": {
          "other_platform_oauth_client": []
        }
      }
    }
  ],
  "configuration_version": "1"
}